state,stars
MT,5.0
CA,3.7627045650301465
LA,3.5951923076923076
FL,3.578341541633261
ID,3.544930875576037
NV,3.537955768081291
PA,3.5215568388576854
CO,3.5
HI,3.5
AB,3.495020746887967
NJ,3.4841364860820114
TN,3.4751838235294117
IN,3.464698795180723
AZ,3.4532010482965183
MO,3.445844125264893
DE,3.4266389177939645
IL,3.304170905391658
NC,2.0
